{
  "version": "ai",
  "source": "filtered",
  "per_creator": {
    "apored": {
      "n_videos": 25,
      "metrics": {
        "vocabulary_ttr": 0.120018,
        "wealth_flex": 3.1364,
        "drama_conflict": 0.2444,
        "hype_adjectives": 1.4664,
        "egocentrism": 53.4205,
        "denglisch": 46.9237,
        "avg_word_len": 4.671,
        "total_tokens": 49101
      }
    },
    "maithinkx": {
      "n_videos": 25,
      "metrics": {
        "vocabulary_ttr": 0.1347263775353954,
        "wealth_flex": 1.3663454969492803,
        "drama_conflict": 0.11778840490942072,
        "hype_adjectives": 0.318028693255436,
        "egocentrism": 12.367782515489175,
        "denglisch": 23.69902706777545,
        "avg_word_len": 5.437654597281443,
        "total_tokens": 84898.0
      }
    },
    "papaplatte": {
      "n_videos": 25,
      "metrics": {
        "vocabulary_ttr": 0.086431,
        "wealth_flex": 0.6296,
        "drama_conflict": 0.0544,
        "hype_adjectives": 3.257,
        "egocentrism": 48.8861,
        "denglisch": 111.6086,
        "avg_word_len": 4.3835,
        "total_tokens": 128646
      }
    }
  }
}