{
  "version": "script",
  "source": "filtered",
  "n": 1,
  "per_creator": {
    "apored": {
      "n_videos": 1,
      "metrics": {
        "vocabulary_ttr": 0.746031746031746,
        "wealth_flex": 0.0,
        "drama_conflict": 0.0,
        "hype_adjectives": 0.0,
        "egocentrism": 21.164021164021165,
        "denglisch": 21.164021164021165,
        "avg_word_len": 4.476190476190476,
        "total_tokens": 189.0
      }
    },
    "maithinkx": {
      "n_videos": 1,
      "metrics": {
        "vocabulary_ttr": 0.33126843657817107,
        "wealth_flex": 0.0,
        "drama_conflict": 0.2949852507374631,
        "hype_adjectives": 1.7699115044247788,
        "egocentrism": 4.424778761061947,
        "denglisch": 27.13864306784661,
        "avg_word_len": 5.58141592920354,
        "total_tokens": 3390.0
      }
    },
    "papaplatte": {
      "n_videos": 1,
      "metrics": {
        "vocabulary_ttr": 0.32435080842724157,
        "wealth_flex": 0.0,
        "drama_conflict": 0.0,
        "hype_adjectives": 1.4698677119059285,
        "egocentrism": 40.666340029397354,
        "denglisch": 32.82704556589907,
        "avg_word_len": 4.3713865752082315,
        "total_tokens": 2041.0
      }
    }
  },
  "wall_seconds": 0.0055,
  "cost_usd": 0.0
}